USE menugenius;

INSERT INTO allergens (id, code, name) VALUES
(1, 1, 'glutén'),
(2, 1.1, 'búza'),
(3, 1.2, 'rozs'),
(4, 1.3, 'árpa'),
(5, 1.4, 'zab'),
(6, 1.5, 'tönköly'),
(7, 1.6, 'kamut búza'),
(8, 2, 'rákfélék'),
(9, 3, 'tojás'),
(10, 4, 'hal'),
(11, 5, 'mogyoró'),
(12, 6, 'szójabab'),
(13, 7, 'tej'),
(14, 8, 'diófélék'),
(15, 8.1, 'mandula'),
(16, 8.2, 'törökmogyoró'),
(17, 8.3, 'dió'),
(18, 8.4, 'kesudió'),
(19, 8.5, 'pekándió'),
(20, 8.6, 'paradió'),
(21, 8.7, 'pisztácia'),
(22, 8.8, 'makadámdió'),
(23, 9, 'zeller'),
(24, 10, 'mustár'),
(25, 11, 'szezám'),
(26, 12, 'kén-dioxid'),
(27, 13, 'csillagfürt'),
(28, 14, 'puhatestűek'),
(29, 15, 'mesterséges édesítőszerek'),
(30, 16, 'édesgyökér');

INSERT INTO ingredients (id, name) VALUES
(1, 'marhacsont'),
(2, 'marhahús'),
(3, 'kolbász'),
(4, 'füstölt csülök'),
(5, 'sertéskaraj'),
(6, 'sertéslapocka'),
(7, 'szalonna'),
(8, 'sertéstarja'),
(9, 'sertés szűzpecsenye'),
(10, 'sertésoldalas'),
(11, 'csirkecomb'),
(12, 'csirkemell'),
(13, 'kacsacomb'),
(14, 'kacsazsír'),
(15, 'zsír'),
(16, 'borjúcomb'),
(17, 'sonka'),
(18, 'borjú dió'),
(19, 'marhalábszár'),
(20, 'marha bélszín'),
(21, 'libazsír'),
(22, 'virsli'),
(23, 'vöröshagyma'),
(24, 'petrezselyem'),
(25, 'fokhagyma'),
(26, 'olajbogyó'),
(27, 'salottahagyma'),
(28, 'paradicsom'),
(29, 'citrom'),
(30, 'paradicsompüré'),
(31, 'sárgarépa'),
(32, 'fehérrépa'),
(33, 'zeller'),
(34, 'paprika'),
(35, 'cseresznyepaprika'),
(36, 'kígyóuborka'),
(37, 'csemege uborka'),
(38, 'káposzta'),
(39, 'burgonya'),
(40, 'édesburgonya'),
(41, 'cukkini'),
(42, 'snidling hagyma'),
(43, 'brokkoli'),
(44, 'uborka'),
(45, 'kapor'),
(46, 'koktélparadicsom'),
(47, 'csicseriborsó'),
(48, 'római saláta'),
(49, 'jégsaláta'),
(50, 'retek'),
(51, 'medvehagyma'),
(52, 'jázmin rizs'),
(53, 'csiperkegomba'),
(54, 'gomba'),
(55, 'bab'),
(56, 'narancs'),
(57, 'lime'),
(58, 'bazsalikom'),
(59, 'zsálya'),
(60, 'pirospaprika'),
(61, 'babérlevél'),
(62, 'kakukkfű'),
(63, 'rozmaring'),
(64, 'kömény'),
(65, 'só'),
(66, 'bors'),
(67, 'oregánó'),
(68, 'mentalevél'),
(69, 'kamillavirág'),
(70, 'chili'),
(71, 'szerecsendió'),
(72, 'ponty'),
(73, 'harcsafilé'),
(74, 'lazacfilé'),
(75, 'pisztrángfilé'),
(76, 'szardellafilé'),
(77, 'fehérbor'),
(78, 'vörösbor'),
(79, 'sör'),
(80, 'narancslé'),
(81, 'Tequila'),
(82, 'Cointreau'),
(83, 'rum'),
(84, 'fehér rum'),
(85, 'fusilli tészta'),
(86, 'spagetti tészta'),
(87, 'makaróni tészta'),
(88, 'csusza tészta'),
(89, 'szarvacska tészta'),
(90, 'tej'),
(91, 'tejföl'),
(92, 'vaj'),
(93, 'sajt'),
(94, 'trappista sajt'),
(95, 'kéksajt'),
(96, 'camembert sajt'),
(97, 'parmezán'),
(98, 'feta sajt'),
(99, 'tejszín'),
(100, 'túró'),
(101, 'cheddar sajt'),
(102, 'főzőtejszín'),
(103, 'tejszínhab'),
(104, 'majonéz'),
(105, 'kefír'),
(106, 'mustár'),
(107, 'dijoni mustár'),
(108, 'tahini'),
(109, 'worcestershire-szósz'),
(110, 'mandula'),
(111, 'barack lekvár'),
(112, 'gesztenyepüré'),
(113, 'citromlé'),
(114, 'fenyőmag'),
(115, 'ecet'),
(116, 'balzsamecet'),
(117, 'olívaolaj'),
(118, 'olaj'),
(119, 'cukor'),
(120, 'vaníliás cukor'),
(121, 'cukorszirup'),
(122, 'liszt'),
(123, 'tojás'),
(124, 'zsemlemorzsa'),
(125, 'élesztő'),
(126, 'méz'),
(127, 'sütőpor'),
(128, 'kakaópor'),
(129, 'étcsokoládé'),
(130, 'víz'),
(131, 'ásványvíz'),
(132, 'jég'),
(133, 'étkezési keményítő'),
(134, 'kukorica'),
(135, 'Coca-cola'),
(136, 'Fanta'),
(137, 'Sprite'),
(138, 'Ice Tea'),
(139, 'Espresso'),
(140, 'Coronita'),
(141, 'Dreher'),
(142, 'Soproni Ászok'),
(143, 'Heineken'),
(144, 'Egri bikavér'),
(145, 'Cabernet Sauvignon'),
(146, 'Olaszrizling'),
(147, 'Cserszegi fűszeres'),
(148, 'Johnnie Walker whiskey'),
(149, 'Baileys likőr'),
(150, 'Barackpálinka'),
(151, 'Stroh rum'),
(152, 'Martini Asti'),
(153, 'Törley Gála Sec'),
(154, 'Lipton Yellow Label'),
(155, 'Gyümölcstea');

INSERT INTO ingredient_allergen (ingredient_id, allergen_id) VALUES
(22, 12),
(33, 23),
(40, 30),
(72, 10),
(73, 10),
(74, 10),
(75, 10),
(76, 10),
(79, 1),
(85, 4),
(85, 9),
(86, 2),
(86, 9),
(87, 2),
(87, 9),
(88, 2),
(88, 9),
(89, 2),
(89, 9),
(90, 13),
(91, 13),
(92, 13),
(93, 13),
(94, 13),
(95, 13),
(96, 13),
(97, 13),
(98, 13),
(99, 13),
(100, 13),
(101, 13),
(102, 13),
(103, 13),
(104, 9),
(105, 13),
(106, 24),
(107, 24),
(108, 12),
(109, 4),
(109, 10),
(110, 14),
(122, 1),
(123, 9),
(124, 1);

INSERT INTO categories (id, name) VALUES
(1, 'előétel'),
(2, 'leves'),
(3, 'sertéshús'),
(4, 'szárnyashús'),
(5, 'marhahús'),
(6, 'hal'),
(7, 'vegetáriánus'),
(8, 'tészta'),
(9, 'saláta'),
(10, 'köret'),
(11, 'savanyúság'),
(12, 'desszert'),
(13, 'üdítő'),
(14, 'kávé'),
(15, 'sör'),
(16, 'bor'),
(17, 'rövidital'),
(18, 'pezsgő'),
(19, 'tea'),
(20, 'koktél');

INSERT INTO products (id, name, description, packing, price, is_food, image_id, category_id) VALUES
(1, 'Töltött tojás', 'Tejfölös-mustáros krémmel töltött főtt tojás.', '1 adag',3000, '1', 69, 1),
(2, 'Bruschetta', 'Olívaolajjal, sóval, borssal ízesített pirított bagett hagymával és paradicsommal.', '1 adag',3000, '1', 5, 1),
(3, 'Tepertős pogácsa', 'Omlós, kerek sült tészta töpörtyűvel.', '1 adag',3000, '1', 66, 1),
(4, 'Körözött pirítós kenyérrel', 'Pirospaprikával és köménymaggal elkevert túrókrém pirítós kenyéren.', '1 adag',3000, '1', 37, 1),
(5, 'Fokhagymakrém leves', 'Tejszínes-fokhagymás krémleves sajttal és pirított zsemlekockával.', '1 adag',3000, '1', 24, 2),
(6, 'Marha erőleves fridattó', 'Erőleves fridattó palacsintatésztával.', '1 adag',3000, '1', 44, 2),
(7, 'Jókai bableves', 'Tejfölös, csülkös bableves csipetkével.', '1 adag',3000, '1', 36, 2),
(8, 'Halászlé', 'Pontyból készült halászlé gyufatésztával, halikrával.', '1 adag',3000, '1', 29, 2),
(9, 'Milánói sertésborda', 'Panírozott sertéskaraj milánói makarónival.', '1 adag',3000, '1', 48, 3),
(10, 'Csikós tokány', 'Sertéslapockából készült tokány paprikás-paradicsomos szósszal, penne tésztával', '1 adag',3000, '1', 16, 3),
(11, 'Cigánypecsenye', 'Sült sertéstarja szalonnacsíkkal.', '1 adag',3000, '1', 10, 3),
(12, 'Szűzérmék párizsiasan', 'Sertés szűzpecsenye párizsi bundában.', '1 adag',3000, '1', 63, 3),
(13, 'Fokhagymás sült oldalas', 'Sült sertésoldalas só, bors, fokhagyma pácban.', '1 adag',3000, '1', 25, 3),
(14, 'Csirkepaprikás nokedlivel', 'Csirkecomb tejfölös pörköltlében.', '1 adag',3000, '1', 17, 4),
(15, 'Sztroganov csirkemell', 'Vékonyra szeletelt csirkemell tejszínes-tejfölös mártásban gombával és uborkával.', '1 adag',3000, '1', 62, 4),
(16, 'Sült kacsacomb', 'Ropogósra sült kacsacomb párolt lilakáposztával, krumplipürével.', '1 adag',3000, '1', 59, 4),
(17, 'Cordon Bleu', 'Sajttal és sonkával töltött borjúcomb szeletek panírmorzsába forgatva.', '1 adag',3000, '1', 12, 5),
(18, 'Bécsi szelet', 'Vékonyra kivert borjúszeletek panírmorzsában.', '1 adag',3000, '1', 3, 5),
(19, 'Marhapörkölt', 'Pörkölt marhalábszárból.', '1 adag',3000, '1', 45, 5),
(20, 'Bélszín steak', 'Sült bélszínszeletek vajjal.', '1 adag',3000, '1', 4, 5),
(21, 'Fish and Chips', 'Sörtésztába forgatott harcsaszeletek sült hasábburgonyával és borsópürével.', '1 adag',3000, '1', 23, 6),
(22, 'Sült lazacsteak', 'Sült lazacfilé kamillás narancsmártással.', '1 adag',3000, '1', 60, 6),
(23, 'Sült pisztráng', 'Mandulás bundában sült pisztráng zelleres burgonyapürével', '1 adag',3000, '1', 61, 6),
(24, 'Pestós tészta', 'Spagettitészta pestós öntettel', '1 adag',3000, '1', 53, 7),
(25, 'Rakott édesburgonya fekete fokhagymával', 'Rakott tál édesburgonyával, sok sajttal, sütőben sütve.', '1 adag',3000, '1', 55, 7),
(26, 'Hummuszos cukkinitekercs', 'Cukkinibe tekert hummusz sajttal sütőben sütve.', '1 adag',3000, '1', 32, 7),
(27, 'Milánói makaróni', 'Sonkás-gombás makaróni tészta sok sajttal.', '1 adag',3000, '1', 47, 8),
(28, 'Túrós csusza', 'Csuszatészta sok túróval és tejföllel, pirított szalonnával, sütve.', '1 adag',3000, '1', 71, 8),
(29, 'Mac & Cheese', 'Sajtos-vajas szósszal kevert szarvacska tészta.', '1 adag',3000, '1', 41, 8),
(30, 'Görögsaláta', 'Saláta uborkával, hagymával, paradicsommal, olajbogyóval, feta sajttal.', '1 adag',3000, '1', 27, 9),
(31, 'Tojásos virslisaláta', 'Hagymás-virslis saláta tejfölös öntettel.', '1 adag',3000, '1', 68, 9),
(32, 'Cézár saláta', 'Klasszikus Cézár saláta szardellafilével.', '1 adag',3000, '1', 9, 9),
(33, 'Jázmin rizs', '', '1 adag',1000, '1', 33, 10),
(34, 'Petrezselymes burgonya', '', '1 adag',1000, '1', 54, 10),
(35, 'Hasábburgonya', '', '1 adag',1000, '1', 30, 10),
(36, 'Nokedli', '', '1 adag',1000, '1', 50, 10),
(37, 'Tarhonya', '', '1 adag',1000, '1', 64, 10),
(38, 'Csalamádé', '', '1 adag',1000, '1', 14, 11),
(39, 'Majonézes kukoricasaláta', '', '1 adag',1000, '1', 42, 11),
(40, 'Burgonyasaláta', '', '1 adag',1000, '1', 6, 11),
(41, 'Tavaszi saláta', '', '1 adag',1000, '1', 65, 11),
(42, 'Uborkasaláta', '', '1 adag',1000, '1', 72, 11),
(43, 'Somlói galuska', '', '1 adag',2000, '1', 56, 12),
(44, 'Palacsinta', '', '1 adag',2000, '1', 52, 12),
(45, 'Gesztenyepüré', '', '1 adag',2000, '1', 26, 12),
(46, 'Csokis muffin', '', '1 adag',2000, '1', 18, 12),
(47, 'Coca-cola', '', '0,5 l',500, '0', 11, 13),
(48, 'Fanta', '', '0,5 l',500, '0', 22, 13),
(49, 'Sprite', '', '0,5 l',500, '0', 58, 13),
(50, 'Lipton Ice Tea', '', '0,5 l',500, '0', 39, 13),
(51, 'Espresso', '', '0,03 l',300, '0', 21, 14),
(52, 'Cappuccino', '', '0,09 l',900, '0', 8, 14),
(53, 'Latte Machiato', '', '0,3 l',900, '0', 38, 14),
(54, 'Jeges kávé', '', '0,3 l',900, '0', 34, 14),
(55, 'Coronita', '', '0,33 l',660, '0', 13, 15),
(56, 'Dreher', '', '0,5 l',1000, '0', 19, 15),
(57, 'Soproni', '', '0,5 l',1000, '0', 57, 15),
(58, 'Heineken', '', '0,5 l',1000, '0', 31, 15),
(59, 'Egri bikavér', '', '0,1 l',500, '0', 20, 16),
(60, 'Cabernet Sauvignon', '', '0,1 l',500, '0', 7, 16),
(61, 'Olaszrizling', '', '0,1 l',500, '0', 51, 16),
(62, 'Cserszegi fűszeres', '', '0,1 l',500, '0', 15, 16),
(63, 'Johnnie Walker whiskey', '', '0,05 l',850, '0', 35, 17),
(64, 'Baileys likőr', '', '0,05 l',700, '0', 1, 17),
(65, 'Barackpálinka', '', '0,05 l',650, '0', 2, 17),
(66, 'Tequila', '', '0,05 l',750, '0', 67, 17),
(67, 'Martini Asti', '', '0,1 l',800, '0', 46, 18),
(68, 'Törley Gála Sec', '', '0,1 l',400, '0', 70, 18),
(69, 'Lipton Yellow Label', '', '0,2 l',320, '0', 40, 19),
(70, 'Gyümölcstea', '', '0,2 l',320, '0', 28, 19),
(71, 'Mojito', 'fehér rum, cukorszirup, lime, mentalevél, ásványvíz, zúzott jég', '0,25 l',1750, '0', 49, 20),
(72, 'Margarita', 'Tequila, Cointreau, citromlé', '0,1 l',1200, '0', 43, 20);

INSERT INTO product_ingredient (product_id, ingredient_id) VALUES
(1, 123),
(1, 104),
(1, 91),
(1, 106),
(1, 23),
(1, 29),
(1, 24),
(1, 115),
(1, 65),
(1, 66),
(2, 25),
(2, 122),
(2, 130),
(2, 125),
(2, 117),
(2, 27),
(2, 28),
(2, 65),
(2, 66),
(2, 58),
(3, 15),
(3, 66),
(3, 125),
(3, 90),
(3, 119),
(3, 122),
(3, 65),
(3, 91),
(3, 123),
(4, 100),
(4, 92),
(4, 91),
(4, 23),
(4, 64),
(4, 60),
(4, 65),
(4, 24),
(5, 25),
(5, 59),
(5, 130),
(5, 122),
(5, 125),
(5, 123),
(5, 117),
(5, 66),
(5, 65),
(6, 1),
(6, 2),
(6, 123),
(6, 30),
(6, 31),
(6, 32),
(6, 33),
(6, 66),
(6, 65),
(6, 122),
(6, 131),
(7, 55),
(7, 118),
(7, 25),
(7, 65),
(7, 66),
(7, 31),
(7, 33),
(7, 3),
(7, 122),
(7, 4),
(7, 23),
(7, 60),
(7, 61),
(7, 32),
(7, 24),
(7, 91),
(8, 72),
(8, 23),
(8, 34),
(8, 28),
(8, 65),
(8, 60),
(8, 35),
(8, 122),
(8, 130),
(8, 123),
(9, 5),
(9, 122),
(9, 123),
(9, 124),
(9, 65),
(9, 87),
(10, 6),
(10, 7),
(10, 23),
(10, 34),
(10, 66),
(10, 65),
(10, 25),
(10, 60),
(10, 28),
(10, 91),
(10, 122),
(10, 123),
(11, 8),
(11, 7),
(11, 65),
(11, 25),
(11, 60),
(11, 66),
(11, 118),
(12, 9),
(12, 65),
(12, 66),
(12, 123),
(12, 122),
(12, 118),
(13, 10),
(13, 65),
(13, 66),
(13, 25),
(13, 130),
(14, 11),
(14, 15),
(14, 23),
(14, 65),
(14, 66),
(14, 25),
(14, 77),
(14, 34),
(14, 60),
(14, 28),
(14, 99),
(14, 91),
(15, 12),
(15, 54),
(15, 23),
(15, 25),
(15, 65),
(15, 66),
(15, 77),
(15, 30),
(15, 106),
(15, 29),
(15, 99),
(15, 91),
(15, 37),
(15, 24),
(16, 13),
(16, 65),
(16, 66),
(16, 62),
(16, 23),
(16, 25),
(16, 14),
(16, 61),
(16, 63),
(16, 38),
(16, 119),
(16, 64),
(16, 78),
(16, 29),
(16, 116),
(16, 39),
(16, 90),
(16, 92),
(17, 16),
(17, 65),
(17, 66),
(17, 17),
(17, 93),
(17, 122),
(17, 123),
(17, 124),
(17, 29),
(17, 118),
(18, 18),
(18, 25),
(18, 122),
(18, 123),
(18, 124),
(18, 29),
(18, 118),
(19, 19),
(19, 23),
(19, 34),
(19, 60),
(19, 64),
(19, 130),
(19, 28),
(19, 25),
(19, 65),
(19, 66),
(19, 30),
(20, 20),
(20, 65),
(20, 66),
(20, 92),
(20, 118),
(21, 122),
(21, 125),
(21, 119),
(21, 79),
(21, 39),
(21, 21),
(21, 73),
(21, 65),
(21, 66),
(21, 25),
(21, 118),
(21, 23),
(21, 92),
(21, 24),
(21, 68),
(21, 29),
(21, 44),
(21, 45),
(21, 104),
(21, 91),
(22, 74),
(22, 65),
(22, 117),
(22, 80),
(22, 69),
(22, 92),
(22, 133),
(22, 56),
(22, 43),
(22, 85),
(22, 25),
(23, 75),
(23, 65),
(23, 29),
(23, 122),
(23, 123),
(23, 124),
(23, 110),
(23, 118),
(23, 39),
(23, 33),
(23, 25),
(23, 61),
(23, 102),
(23, 71),
(24, 86),
(24, 58),
(24, 114),
(24, 25),
(24, 65),
(24, 97),
(24, 117),
(25, 40),
(25, 118),
(25, 65),
(25, 66),
(25, 70),
(25, 95),
(25, 96),
(25, 25),
(25, 24),
(26, 41),
(26, 65),
(26, 42),
(26, 94),
(26, 108),
(26, 113),
(26, 47),
(26, 117),
(26, 25),
(26, 64),
(26, 60),
(27, 87),
(27, 97),
(27, 23),
(27, 53),
(27, 17),
(27, 93),
(27, 117),
(27, 65),
(27, 66),
(27, 67),
(27, 25),
(27, 30),
(27, 119),
(28, 88),
(28, 100),
(28, 91),
(28, 7),
(28, 65),
(29, 89),
(29, 65),
(29, 101),
(29, 92),
(29, 122),
(29, 90),
(30, 36),
(30, 23),
(30, 46),
(30, 26),
(30, 98),
(30, 29),
(30, 117),
(30, 58),
(30, 67),
(31, 22),
(31, 23),
(31, 65),
(31, 91),
(31, 123),
(31, 118),
(31, 66),
(32, 117),
(32, 25),
(32, 122),
(32, 130),
(32, 125),
(32, 76),
(32, 107),
(32, 123),
(32, 57),
(32, 66),
(32, 109),
(32, 65),
(32, 97),
(32, 48),
(33, 52),
(33, 130),
(33, 65),
(33, 118),
(34, 24),
(34, 39),
(35, 39),
(36, 122),
(36, 123),
(36, 65),
(36, 118),
(37, 122),
(37, 123),
(37, 65),
(38, 38),
(38, 44),
(38, 23),
(38, 34),
(38, 119),
(38, 65),
(38, 115),
(38, 130),
(39, 104),
(39, 134),
(40, 39),
(40, 23),
(40, 104),
(40, 91),
(40, 65),
(40, 66),
(40, 119),
(40, 106),
(40, 113),
(41, 49),
(41, 50),
(41, 51),
(41, 106),
(41, 65),
(41, 66),
(41, 116),
(41, 126),
(41, 117),
(41, 118),
(42, 44),
(42, 115),
(42, 119),
(42, 130),
(43, 123),
(43, 119),
(43, 122),
(43, 127),
(43, 130),
(43, 128),
(43, 90),
(43, 99),
(43, 120),
(43, 83),
(43, 113),
(43, 92),
(43, 129),
(44, 122),
(44, 123),
(44, 90),
(44, 131),
(44, 65),
(44, 118),
(45, 112),
(45, 103),
(46, 122),
(46, 127),
(46, 119),
(46, 128),
(46, 123),
(46, 92),
(46, 111),
(46, 129),
(71, 84),
(71, 121),
(71, 57),
(71, 68),
(71, 131),
(71, 132),
(72, 81),
(72, 82),
(72, 113);

INSERT INTO desks (id, number_of_seats) VALUES
(1, 4),
(2, 6),
(3, 8),
(4, 12),
(5, 8),
(6, 18),
(7, 9),
(8, 16),
(9, 18),
(10, 4),
(11, 14),
(12, 16),
(13, 8),
(14, 4),
(15, 4),
(16, 12),
(17, 5),
(18, 20),
(19, 8),
(20, 10);

INSERT INTO users (id, name, email, password, phone, admin) VALUES
(1, 'admin', 'menugenius@gmail.com', 'admin1234', '+36301234567', 1),
(2, 'user', 'useremail.com', 'user1234', '+36709876543', 0);

